{
  "name": "Pacifico",
  "designer": "Vernon Adams",
  "license": "OFL",
  "visibility": "External",
  "category": "Handwriting",
  "size": 28515,
  "fonts": [
    {
      "name": "Pacifico",
      "style": "normal",
      "weight": 400,
      "filename": "Pacifico.ttf",
      "postScriptName": "Pacifico-Regular",
      "fullName": "Pacifico Regular",
      "copyright": "Copyright (c) 2011 by Vernon Adams (vern@newtypography.co.uk) with Reserved Font Name 'Pacifico'. All rights reserved."
    }
  ],
  "subsets": [
    "latin",
    "menu"
  ],
  "dateAdded": "2011-03-09"
}
